{
    "f0_variation": 0.14512617854465992,
    "physiological_tremor": 0.0919830883119787,
    "breathing_cycle": 0.5870450178244836,
    "prespeech_activation": 1.0,
    "jitter": 0.010217986328797122,
    "shimmer": 0.27046898007392883,
    "cognitive_timing": 0.56,
    "spectral_flatness": 0.060593973845243454,
    "noise_floor": 0.003238932229578495,
    "hf_noise": 0.2694225013256073,
    "liveness_score": 228.3031352969126,
    "is_human": true
}